ax,ay,az,gx,gy,gz
0.48,-0.74,-0.34,-50.77,28.12,37.73
0.42,-0.72,-0.39,-60.48,15.07,39.58
0.39,-0.74,-0.45,-54.91,-22.92,34.35
0.28,-0.78,-0.66,-29.84,-46.96,25.58
-0.07,-0.8,-0.81,-16.15,-46.52,-8.04
-0.49,-0.83,-0.75,-1.15,-9.04,-36.29
-0.5,-0.82,-0.7,9.45,40.68,-50.46
-0.16,-0.8,-0.58,16.01,46.57,-64.0
0.18,-0.82,-0.47,20.85,33.91,-62.71
0.48,-0.84,-0.48,13.94,29.39,-33.71
0.78,-0.74,-0.46,17.17,26.9,-13.76
0.87,-0.67,-0.27,4.27,13.48,-1.31
0.86,-0.7,-0.26,-10.07,24.11,25.22
0.88,-0.7,-0.25,-30.26,21.58,39.69
0.72,-0.71,-0.23,-47.53,17.58,43.74
0.5,-0.7,-0.3,-60.56,16.09,44.69
0.36,-0.68,-0.36,-64.0,-2.65,41.54
0.28,-0.69,-0.55,-48.01,-30.61,35.97
0.11,-0.72,-0.7,-27.42,-52.25,15.07
-0.23,-0.78,-0.78,-4.95,-47.73,-16.81
-0.48,-0.8,-0.78,6.32,-5.88,-34.57
-0.36,-0.79,-0.63,17.35,29.51,-50.01
-0.06,-0.77,-0.49,23.57,27.42,-62.45
0.23,-0.83,-0.46,20.71,0.58,-54.03
0.53,-0.83,-0.55,27.57,6.54,-22.65
0.8,-0.72,-0.44,23.7,-10.03,-10.55
0.88,-0.7,-0.26,8.38,5.23,20.27
0.97,-0.73,-0.19,-13.49,19.97,41.56
0.92,-0.73,-0.15,-34.09,29.52,49.41
0.67,-0.74,-0.23,-56.8,30.6,55.32
0.48,-0.71,-0.3,-64.0,23.89,60.37
0.44,-0.7,-0.35,-64.0,-15.55,54.81
0.36,-0.73,-0.6,-48.74,-50.6,51.47
0.07,-0.76,-0.81,-33.51,-64.0,17.84
-0.42,-0.75,-0.78,-11.27,-64.0,-19.05
-0.6,-0.79,-0.81,17.13,5.23,-32.67
-0.35,-0.82,-0.71,23.21,40.7,-52.62
-0.04,-0.83,-0.51,25.86,46.86,-58.95
0.28,-0.86,-0.45,21.46,26.94,-47.51
0.64,-0.88,-0.43,12.31,20.79,-21.39
0.89,-0.78,-0.33,4.59,5.23,-0.04
0.96,-0.74,-0.21,-11.29,6.1,22.49
0.95,-0.75,-0.18,-29.77,13.17,40.38
0.79,-0.77,-0.23,-52.29,12.01,48.33
0.5,-0.75,-0.3,-64.0,14.67,53.42
0.38,-0.71,-0.34,-64.0,12.26,56.33
0.36,-0.71,-0.52,-53.9,-15.75,49.2
0.13,-0.7,-0.71,-34.98,-46.59,25.9
-0.29,-0.69,-0.8,-8.47,-54.65,-8.73
-0.57,-0.72,-0.8,14.2,-28.36,-35.06
-0.53,-0.79,-0.71,26.15,24.21,-54.36
-0.23,-0.82,-0.53,31.47,34.06,-64.0
0.09,-0.85,-0.44,27.24,20.18,-64.0
0.46,-0.88,-0.48,21.05,13.65,-43.0
0.78,-0.79,-0.44,24.01,-4.81,-29.94
0.86,-0.72,-0.29,8.68,-9.64,-5.04
0.9,-0.75,-0.23,-7.94,7.75,20.89
0.89,-0.73,-0.19,-28.42,14.95,33.67
0.68,-0.73,-0.21,-46.36,22.95,40.41
0.46,-0.73,-0.31,-59.78,18.27,39.71
0.32,-0.7,-0.37,-62.73,5.66,39.58
0.28,-0.71,-0.43,-57.34,-31.66,33.01
0.2,-0.76,-0.58,-34.57,-61.0,20.56
-0.02,-0.81,-0.75,-15.83,-64.0,-7.37
-0.38,-0.81,-0.79,2.88,-45.89,-31.77
-0.46,-0.8,-0.7,17.7,10.48,-51.45
-0.22,-0.78,-0.56,26.79,29.99,-64.0
0.08,-0.83,-0.46,24.51,20.27,-64.0
0.47,-0.89,-0.44,11.41,19.52,-32.85
0.89,-0.81,-0.39,6.89,10.01,-3.48
1.06,-0.7,-0.26,-6.04,-5.93,18.75
0.98,-0.72,-0.17,-26.46,4.71,36.14
0.86,-0.78,-0.22,-44.11,8.63,45.79
0.59,-0.79,-0.29,-63.03,11.91,48.62
0.36,-0.75,-0.36,-64.0,4.23,46.48
0.24,-0.69,-0.48,-55.64,-27.38,35.16
0.14,-0.72,-0.67,-28.51,-51.57,18.35
-0.19,-0.81,-0.85,-8.61,-64.0,-20.05
-0.56,-0.81,-0.84,11.87,-21.33,-39.77
-0.49,-0.78,-0.7,29.16,30.14,-59.47
-0.18,-0.78,-0.52,34.46,34.34,-64.0
0.2,-0.86,-0.41,20.78,30.87,-56.47
0.68,-0.89,-0.41,15.15,26.02,-21.47
1.03,-0.74,-0.33,9.28,4.82,-2.29
1.01,-0.67,-0.16,-9.7,4.57,24.2
0.93,-0.71,-0.12,-33.26,14.31,44.14
0.79,-0.74,-0.19,-54.83,14.01,51.22
0.52,-0.72,-0.24,-64.0,12.82,55.06
0.37,-0.66,-0.31,-64.0,0.78,58.29
0.34,-0.65,-0.46,-60.13,-32.06,54.17
0.23,-0.73,-0.7,-41.67,-52.85,40.09
-0.19,-0.78,-0.78,-25.76,-64.0,-1.1
-0.62,-0.78,-0.81,5.44,-40.98,-28.03
-0.59,-0.82,-0.82,20.29,22.48,-41.48
-0.25,-0.84,-0.63,27.4,45.96,-63.06
0.07,-0.85,-0.47,28.79,44.42,-62.51
0.51,-0.89,-0.45,14.4,33.45,-32.86
0.9,-0.88,-0.41,0.97,20.85,0.49
1.09,-0.77,-0.24,-13.69,12.13,26.95
1.08,-0.73,-0.13,-34.64,10.52,43.27
0.84,-0.79,-0.19,-61.18,4.92,50.46
0.51,-0.8,-0.27,-64.0,11.49,54.74
0.3,-0.72,-0.33,-64.0,-0.1,48.05
0.2,-0.69,-0.51,-60.53,-21.86,42.23
0.06,-0.71,-0.73,-40.54,-34.46,24.02
-0.26,-0.74,-0.76,-19.44,-50.39,-11.52
-0.53,-0.76,-0.79,8.7,-13.51,-26.36
-0.43,-0.79,-0.75,19.93,29.05,-42.67
-0.14,-0.78,-0.56,23.99,46.12,-48.86
0.17,-0.8,-0.43,22.83,36.06,-45.64
0.48,-0.83,-0.41,14.02,16.49,-30.71
0.69,-0.82,-0.4,3.54,11.62,-1.57
0.87,-0.73,-0.3,-9.34,8.82,22.31
0.93,-0.72,-0.18,-28.13,10.33,39.16
0.82,-0.77,-0.21,-51.14,6.1,47.57
0.55,-0.77,-0.29,-64.0,3.75,51.86
0.33,-0.72,-0.39,-64.0,-11.09,46.83
0.19,-0.72,-0.58,-46.94,-37.32,34.24
-0.06,-0.77,-0.75,-29.89,-54.91,11.1
-0.41,-0.77,-0.85,-0.14,-55.19,-26.65
-0.63,-0.77,-0.82,20.86,2.0,-42.59
-0.43,-0.8,-0.67,28.87,39.14,-62.79
-0.09,-0.82,-0.5,30.29,34.16,-64.0
0.24,-0.87,-0.45,20.26,22.99,-57.12
0.62,-0.86,-0.48,16.21,16.94,-29.57
0.87,-0.74,-0.36,8.58,2.72,-12.2
0.92,-0.72,-0.21,-8.99,8.22,17.82
0.99,-0.75,-0.2,-32.74,21.29,40.5
0.9,-0.77,-0.19,-57.36,19.75,50.39
0.6,-0.76,-0.24,-64.0,20.19,56.7
0.39,-0.7,-0.33,-64.0,3.01,53.83
0.28,-0.68,-0.48,-64.0,-21.64,51.15
0.13,-0.72,-0.7,-47.97,-50.35,28.84
-0.27,-0.71,-0.76,-21.41,-64.0,-6.01
-0.61,-0.73,-0.82,9.54,-41.66,-32.61
-0.59,-0.79,-0.8,22.17,19.85,-46.1
-0.28,-0.81,-0.61,31.82,45.61,-60.9
0.1,-0.82,-0.46,30.67,45.93,-55.45
0.49,-0.86,-0.42,18.38,37.71,-27.54
0.86,-0.85,-0.37,6.4,16.12,-2.16
1.03,-0.77,-0.26,-8.95,10.16,26.35
1.02,-0.75,-0.17,-29.57,5.68,41.13
0.84,-0.79,-0.19,-56.23,1.43,49.4
0.52,-0.78,-0.28,-64.0,9.33,54.51
0.29,-0.69,-0.39,-64.0,-3.98,49.58
0.15,-0.65,-0.53,-54.54,-34.24,34.75
-0.05,-0.7,-0.73,-34.88,-46.87,17.51
-0.37,-0.73,-0.82,-12.71,-63.89,-21.7
-0.64,-0.73,-0.83,13.96,-13.02,-33.1
-0.47,-0.74,-0.72,27.26,36.25,-46.75
-0.11,-0.78,-0.53,32.3,43.62,-56.47
0.21,-0.83,-0.43,31.29,30.46,-47.57
0.56,-0.86,-0.44,15.38,25.15,-17.46
0.86,-0.8,-0.38,6.63,21.96,14.09
1.0,-0.73,-0.17,-17.72,12.76,30.27
0.96,-0.8,-0.11,-37.6,4.45,41.44
0.73,-0.84,-0.22,-64.0,-1.29,48.6
0.45,-0.75,-0.31,-64.0,-1.75,53.04
0.29,-0.69,-0.42,-64.0,-14.53,50.14
0.18,-0.72,-0.61,-49.76,-32.81,38.47
-0.06,-0.74,-0.72,-37.42,-43.37,16.02
-0.42,-0.77,-0.76,-16.95,-49.4,-15.58
-0.58,-0.76,-0.8,11.89,-9.27,-28.36
-0.34,-0.78,-0.74,23.41,31.26,-39.08
-0.07,-0.79,-0.56,28.34,40.21,-47.16
0.21,-0.81,-0.46,24.37,29.69,-45.7
0.42,-0.86,-0.43,12.9,12.85,-31.56
0.63,-0.87,-0.42,2.18,4.16,-7.55
0.79,-0.78,-0.37,-5.69,6.74,16.32
0.85,-0.75,-0.24,-25.52,4.42,27.46
0.77,-0.83,-0.22,-49.96,8.26,41.44
0.57,-0.81,-0.3,-64.0,5.7,45.64
0.35,-0.71,-0.37,-64.0,-6.42,45.94
0.22,-0.68,-0.49,-57.15,-39.74,35.97
0.01,-0.73,-0.69,-37.93,-63.66,17.37
-0.35,-0.74,-0.82,-12.12,-64.0,-24.42
-0.7,-0.71,-0.85,13.7,-22.29,-43.47
-0.6,-0.73,-0.74,28.56,34.31,-57.0
-0.2,-0.75,-0.56,36.98,46.47,-64.0
0.16,-0.81,-0.47,34.76,32.67,-60.42
0.54,-0.88,-0.43,18.03,22.34,-30.77
0.88,-0.83,-0.39,5.88,17.7,1.86
1.06,-0.74,-0.23,-11.8,0.12,25.55
1.01,-0.79,-0.14,-33.89,0.4,40.74
0.81,-0.85,-0.21,-62.9,0.38,47.77
0.5,-0.82,-0.3,-64.0,6.69,51.69
0.28,-0.71,-0.4,-64.0,-2.62,51.09
0.14,-0.65,-0.6,-54.44,-31.89,38.51
-0.1,-0.66,-0.79,-25.05,-47.59,14.64
-0.44,-0.73,-0.81,-2.51,-49.81,-24.06
-0.66,-0.8,-0.78,14.93,2.81,-33.62
-0.39,-0.79,-0.67,27.61,42.44,-47.32
-0.03,-0.76,-0.5,31.25,41.8,-52.95
0.32,-0.84,-0.41,18.79,24.39,-40.06
0.61,-0.89,-0.43,6.87,20.93,-11.13
0.87,-0.81,-0.37,0.5,6.32,6.22
0.87,-0.78,-0.23,-20.03,5.31,22.77
0.83,-0.84,-0.23,-41.72,1.25,35.32
0.66,-0.83,-0.32,-60.85,0.61,40.88
0.41,-0.75,-0.39,-64.0,9.4,43.87
0.26,-0.7,-0.47,-64.0,-4.76,38.01
0.1,-0.7,-0.61,-48.78,-24.94,27.41
-0.12,-0.71,-0.77,-25.13,-34.7,1.9
-0.44,-0.71,-0.83,1.06,-33.45,-30.98
-0.59,-0.73,-0.81,22.2,12.45,-40.76
-0.33,-0.75,-0.68,35.22,40.36,-52.38
-0.02,-0.8,-0.51,35.87,29.61,-59.91
0.26,-0.88,-0.45,25.95,24.8,-38.81
0.6,-0.85,-0.44,20.63,31.08,-13.61
0.84,-0.75,-0.29,4.01,18.38,-0.63
0.87,-0.79,-0.11,-21.06,18.74,26.99
0.9,-0.84,-0.15,-43.38,8.62,37.01
0.73,-0.82,-0.26,-61.18,1.3,42.08
0.41,-0.75,-0.35,-64.0,3.31,43.66
0.21,-0.7,-0.46,-64.0,-14.61,35.6
0.05,-0.68,-0.62,-46.16,-40.99,20.78
-0.16,-0.68,-0.82,-13.34,-52.6,-4.89
-0.48,-0.72,-0.86,6.74,-30.94,-30.39
-0.59,-0.76,-0.75,21.98,27.53,-45.62
-0.31,-0.73,-0.59,33.87,43.61,-58.43
0.07,-0.79,-0.45,29.15,24.22,-57.99
0.39,-0.87,-0.46,18.71,17.38,-33.77
0.69,-0.81,-0.47,18.36,8.26,-18.64
0.75,-0.74,-0.34,11.77,-6.37,-13.46
0.67,-0.8,-0.28,-8.38,9.75,8.47
0.7,-0.83,-0.29,-27.96,22.22,22.26
0.71,-0.81,-0.27,-43.33,23.33,31.88
0.59,-0.81,-0.29,-56.01,15.04,35.64
0.42,-0.82,-0.38,-63.82,6.85,37.25
0.27,-0.78,-0.48,-62.51,-20.81,27.71
0.04,-0.71,-0.64,-37.0,-46.55,9.33
-0.2,-0.7,-0.8,-6.77,-50.32,-15.53
-0.44,-0.76,-0.79,12.97,-17.22,-37.89
-0.45,-0.78,-0.64,20.36,30.08,-56.66
-0.19,-0.79,-0.53,26.79,30.75,-64.0
0.14,-0.82,-0.47,21.5,30.15,-49.16
0.61,-0.82,-0.46,19.16,28.37,-22.34
0.88,-0.76,-0.32,10.15,8.72,-6.78
0.91,-0.77,-0.18,-7.78,10.55,18.97
0.94,-0.78,-0.14,-33.99,12.4,37.1
0.83,-0.81,-0.17,-55.95,11.96,45.74
0.59,-0.8,-0.24,-64.0,6.95,51.69
0.4,-0.74,-0.33,-64.0,-4.35,53.66
0.28,-0.7,-0.5,-64.0,-37.54,39.88
0.01,-0.7,-0.73,-39.15,-58.95,17.8
-0.39,-0.72,-0.83,-13.44,-64.0,-21.71
-0.71,-0.75,-0.83,10.3,-20.21,-41.9
-0.55,-0.77,-0.77,28.37,38.02,-54.35
-0.18,-0.77,-0.6,39.1,41.09,-64.0
0.14,-0.85,-0.48,35.73,21.21,-64.0
0.46,-0.9,-0.5,27.8,18.26,-38.32
0.83,-0.81,-0.45,24.13,12.68,-15.71
0.93,-0.74,-0.23,13.48,-2.29,-4.41
0.89,-0.78,-0.16,-12.27,14.84,23.81
0.92,-0.82,-0.2,-35.11,26.43,39.61
0.76,-0.81,-0.17,-62.65,23.38,43.71
0.48,-0.79,-0.23,-64.0,12.25,46.41
0.27,-0.71,-0.39,-64.0,-27.3,37.68
0.08,-0.67,-0.65,-43.99,-64.0,15.28
-0.26,-0.72,-0.91,-7.02,-64.0,-15.47
-0.66,-0.77,-0.84,10.66,-39.95,-49.76
-0.65,-0.77,-0.67,23.77,34.74,-63.52
-0.26,-0.75,-0.53,32.61,37.61,-64.0
0.12,-0.81,-0.44,26.24,36.13,-64.0
0.63,-0.86,-0.46,21.65,37.36,-30.06
1.07,-0.77,-0.38,16.91,16.87,-2.64
1.14,-0.73,-0.2,1.07,14.26,24.9
1.08,-0.77,-0.12,-23.88,15.83,42.27
0.86,-0.82,-0.18,-51.65,12.04,48.78
0.45,-0.78,-0.24,-64.0,7.74,45.66
0.2,-0.7,-0.33,-64.0,-15.64,38.89
0.11,-0.67,-0.52,-50.0,-48.99,26.1
-0.0,-0.71,-0.78,-21.04,-58.27,5.32
-0.32,-0.76,-0.79,-4.12,-53.97,-29.77
-0.53,-0.81,-0.72,8.93,6.39,-39.8
-0.29,-0.77,-0.66,26.05,40.59,-57.4
0.02,-0.75,-0.52,31.82,32.49,-64.0
0.23,-0.84,-0.46,27.43,17.21,-56.44
0.54,-0.89,-0.49,22.37,2.85,-38.43
0.75,-0.81,-0.43,18.29,-5.35,-22.28
0.79,-0.73,-0.32,8.35,-3.51,-7.49
0.79,-0.74,-0.2,-12.2,20.01,15.58
0.83,-0.76,-0.16,-38.32,30.75,30.11
0.78,-0.78,-0.21,-54.47,31.74,40.63
0.6,-0.77,-0.27,-64.0,28.22,44.75
0.47,-0.75,-0.32,-64.0,19.2,49.72
0.39,-0.74,-0.42,-64.0,-15.44,47.82
0.28,-0.73,-0.62,-41.94,-44.68,37.64
-0.01,-0.74,-0.78,-16.55,-64.0,3.93
-0.46,-0.77,-0.8,14.64,-54.07,-34.76
-0.65,-0.81,-0.73,25.77,10.42,-51.53
-0.36,-0.82,-0.57,33.6,38.71,-64.0
-0.03,-0.82,-0.4,33.6,27.89,-64.0
0.41,-0.89,-0.35,16.23,29.21,-44.21
0.96,-0.84,-0.36,9.31,23.33,-8.35
1.21,-0.73,-0.21,-6.57,3.91,17.35
1.15,-0.74,-0.09,-27.62,7.34,42.39
0.97,-0.81,-0.15,-52.7,10.65,54.48
0.64,-0.8,-0.24,-64.0,19.98,57.53
0.36,-0.72,-0.29,-64.0,6.26,55.66
0.23,-0.63,-0.48,-64.0,-29.41,46.23
0.09,-0.62,-0.77,-29.43,-54.96,28.56
-0.27,-0.69,-0.78,-7.03,-64.0,-20.8
-0.69,-0.81,-0.74,10.08,-21.24,-39.54
-0.54,-0.85,-0.69,18.52,37.4,-49.0
-0.08,-0.81,-0.51,26.7,36.96,-64.0
0.21,-0.83,-0.42,25.42,14.99,-63.12
0.58,-0.89,-0.45,17.08,7.98,-33.94
0.88,-0.83,-0.42,12.74,-0.34,-12.06
0.95,-0.75,-0.27,1.16,-4.43,6.79
0.93,-0.78,-0.17,-21.51,16.06,33.18
0.91,-0.81,-0.19,-43.18,17.33,41.76
0.69,-0.8,-0.21,-64.0,17.71,45.0
0.43,-0.76,-0.28,-64.0,17.96,50.54
0.33,-0.7,-0.42,-64.0,-8.84,45.23
0.19,-0.66,-0.59,-56.96,-41.43,32.85
-0.05,-0.68,-0.8,-19.07,-55.9,6.99
-0.4,-0.73,-0.77,-1.73,-45.26,-29.55
-0.56,-0.83,-0.67,3.92,21.05,-37.69
-0.24,-0.8,-0.58,12.58,45.06,-48.83
0.15,-0.76,-0.46,16.47,29.0,-51.84
0.4,-0.82,-0.41,12.16,8.12,-36.96
0.69,-0.86,-0.42,2.12,5.0,-8.46
0.87,-0.78,-0.34,-4.77,0.39,12.17
0.9,-0.71,-0.23,-18.76,5.2,29.98
0.85,-0.74,-0.2,-35.45,7.24,40.53
0.66,-0.77,-0.27,-55.57,6.89,45.46
0.44,-0.75,-0.34,-64.0,14.68,50.62
0.34,-0.71,-0.39,-64.0,-2.5,46.19
0.25,-0.7,-0.59,-46.64,-38.66,33.09
-0.01,-0.71,-0.79,-20.47,-51.85,10.42
-0.37,-0.74,-0.82,8.87,-44.43,-26.43
-0.56,-0.82,-0.76,18.82,9.37,-37.79
-0.3,-0.84,-0.63,27.41,30.28,-55.04
0.05,-0.83,-0.49,28.68,18.45,-63.93
0.31,-0.87,-0.46,23.48,1.15,-52.75
0.57,-0.87,-0.45,15.95,-5.39,-35.01
0.72,-0.78,-0.4,11.11,-2.52,-21.33
0.75,-0.72,-0.32,0.1,1.69,-5.5
0.78,-0.74,-0.27,-19.03,21.54,18.98
0.82,-0.74,-0.25,-33.4,26.85,33.45
0.74,-0.76,-0.26,-52.36,22.45,40.58
0.49,-0.78,-0.31,-64.0,21.88,43.9
0.33,-0.74,-0.38,-64.0,8.22,42.14
0.25,-0.7,-0.49,-58.23,-27.68,32.4
0.1,-0.69,-0.7,-17.21,-53.35,14.16
-0.15,-0.77,-0.79,2.87,-52.43,-15.91
-0.44,-0.86,-0.73,9.62,-10.42,-34.98
-0.41,-0.84,-0.6,20.3,37.44,-49.57
-0.07,-0.78,-0.47,26.97,31.78,-63.5
0.23,-0.85,-0.4,21.35,4.95,-57.44
0.57,-0.91,-0.43,9.24,3.16,-22.55
0.9,-0.78,-0.4,10.71,-0.61,-0.64
0.93,-0.64,-0.23,-3.58,-10.01,9.78
0.79,-0.72,-0.16,-23.99,5.54,29.21
0.69,-0.74,-0.24,-41.93,10.44,36.74
0.51,-0.72,-0.3,-55.2,14.67,40.29
0.36,-0.69,-0.33,-63.69,15.53,44.63
0.38,-0.67,-0.37,-64.0,8.72,52.41
0.43,-0.7,-0.46,-53.79,-23.96,49.53
0.34,-0.76,-0.62,-32.17,-48.01,47.06
0.06,-0.81,-0.71,-21.17,-54.89,13.9
-0.4,-0.81,-0.75,0.75,-43.26,-19.6
-0.56,-0.83,-0.72,14.43,10.52,-30.8
-0.27,-0.86,-0.64,24.39,36.73,-49.05
0.01,-0.85,-0.5,28.95,23.47,-63.17
0.23,-0.9,-0.45,21.33,0.08,-56.59
0.52,-0.94,-0.45,9.02,3.54,-22.94
0.86,-0.81,-0.42,7.2,2.0,-1.4
0.94,-0.66,-0.28,-4.2,-0.67,13.54
0.87,-0.7,-0.19,-25.05,14.24,31.5
0.76,-0.74,-0.24,-48.97,17.7,39.89
0.49,-0.75,-0.28,-64.0,24.64,42.56
0.32,-0.69,-0.33,-64.0,24.91,47.71
0.32,-0.64,-0.39,-64.0,-0.6,47.79
0.33,-0.67,-0.53,-45.92,-32.6,44.12
0.23,-0.77,-0.68,-34.68,-42.3,33.38
-0.14,-0.83,-0.68,-27.2,-39.54,1.38
-0.45,-0.82,-0.7,-2.19,-9.32,-18.95
-0.38,-0.82,-0.75,11.02,36.75,-29.67
-0.13,-0.82,-0.64,21.2,43.46,-43.22
0.11,-0.83,-0.51,20.61,34.19,-43.86
0.33,-0.85,-0.47,17.2,13.86,-36.88
0.52,-0.85,-0.44,7.85,4.58,-19.07
0.68,-0.78,-0.38,-2.85,1.15,1.53
0.77,-0.7,-0.28,-18.15,4.21,18.88
0.78,-0.7,-0.21,-35.62,11.45,30.55
0.71,-0.74,-0.22,-54.66,13.38,38.89
0.53,-0.73,-0.3,-64.0,15.54,46.19
0.39,-0.68,-0.38,-64.0,2.97,47.22
0.3,-0.67,-0.52,-48.48,-21.33,41.34
0.14,-0.73,-0.71,-31.56,-35.88,27.09
-0.19,-0.77,-0.75,-15.15,-43.49,-4.35
-0.46,-0.79,-0.74,7.72,-9.01,-20.5
-0.34,-0.83,-0.7,11.19,26.79,-30.39
-0.06,-0.84,-0.55,19.19,33.98,-36.77
0.23,-0.8,-0.44,19.54,26.79,-34.83
0.47,-0.83,-0.38,9.25,9.93,-20.49
0.69,-0.87,-0.36,-8.37,3.33,2.86
0.82,-0.81,-0.34,-20.17,1.43,26.12
0.8,-0.75,-0.25,-37.04,0.13,34.87
0.66,-0.78,-0.24,-55.88,1.9,43.28
0.48,-0.75,-0.33,-64.0,-1.7,48.13
0.34,-0.69,-0.44,-61.53,-13.79,45.05
0.18,-0.7,-0.59,-47.06,-20.41,40.56
-0.04,-0.76,-0.71,-37.74,-37.31,11.21
-0.39,-0.74,-0.76,-13.31,-43.46,-18.22
-0.56,-0.72,-0.82,11.57,-0.2,-29.9
-0.36,-0.76,-0.75,26.38,34.96,-43.3
-0.06,-0.8,-0.57,34.33,37.25,-56.37
0.16,-0.84,-0.48,31.36,19.92,-53.26
0.45,-0.89,-0.46,17.0,20.37,-26.21
0.76,-0.86,-0.38,6.43,20.53,1.74
0.92,-0.76,-0.24,-11.4,14.9,20.37
0.93,-0.74,-0.13,-31.53,12.44,36.43
0.78,-0.79,-0.2,-55.4,7.12,45.34
0.51,-0.78,-0.27,-64.0,5.17,50.19
0.33,-0.72,-0.33,-64.0,-4.96,51.47
0.29,-0.72,-0.47,-62.81,-36.89,43.87
0.12,-0.75,-0.66,-45.3,-57.52,30.23
-0.25,-0.74,-0.75,-25.7,-64.0,-6.99
-0.62,-0.71,-0.78,8.59,-31.58,-29.73
-0.56,-0.75,-0.78,19.0,28.03,-39.86
-0.24,-0.79,-0.61,28.39,44.92,-52.65
0.07,-0.79,-0.48,28.58,41.52,-51.72
0.38,-0.83,-0.47,19.23,19.79,-42.64
0.58,-0.87,-0.44,6.05,0.29,-18.48
0.75,-0.84,-0.4,-3.97,1.47,9.76
0.88,-0.75,-0.3,-18.15,3.18,26.37
0.84,-0.77,-0.24,-38.87,6.99,36.54
0.61,-0.82,-0.3,-62.26,15.44,46.24
0.4,-0.77,-0.37,-64.0,19.46,50.06
0.26,-0.68,-0.44,-64.0,-1.55,43.67
0.17,-0.68,-0.57,-48.47,-32.99,33.65
-0.07,-0.72,-0.76,-28.17,-56.03,4.64
-0.44,-0.71,-0.8,-2.55,-50.3,-23.76
-0.58,-0.75,-0.76,13.38,16.24,-31.85
-0.29,-0.78,-0.63,21.05,46.41,-42.7
0.04,-0.78,-0.49,25.54,47.9,-46.15
0.3,-0.82,-0.43,19.76,29.38,-37.96
0.51,-0.87,-0.43,9.93,5.69,-25.2
0.63,-0.83,-0.44,1.13,0.46,0.02
0.69,-0.73,-0.4,-4.07,1.94,13.31
0.67,-0.71,-0.26,-18.32,6.63,21.7
0.62,-0.78,-0.24,-36.21,5.26,30.57
0.52,-0.8,-0.33,-50.19,3.4,38.87
0.37,-0.74,-0.39,-56.62,0.12,41.11
0.27,-0.71,-0.43,-58.86,-16.91,38.49
0.23,-0.73,-0.54,-46.25,-38.27,35.87
0.09,-0.77,-0.68,-28.59,-51.96,20.92
-0.21,-0.8,-0.74,-16.56,-42.36,-8.24
-0.51,-0.8,-0.75,1.5,-13.51,-28.76
-0.45,-0.78,-0.74,17.39,31.07,-39.73
-0.16,-0.77,-0.65,28.22,33.47,-52.81
0.07,-0.82,-0.53,27.56,27.61,-54.13
0.27,-0.88,-0.53,23.44,20.2,-41.48
0.52,-0.85,-0.51,15.8,18.76,-21.17
0.69,-0.78,-0.38,6.98,14.67,-2.68
0.8,-0.76,-0.24,-11.54,16.2,15.55
0.82,-0.8,-0.18,-31.98,12.77,28.07
0.67,-0.82,-0.24,-51.86,11.01,34.61
0.42,-0.82,-0.31,-64.0,8.62,37.52
0.25,-0.77,-0.39,-64.0,0.18,36.9
0.19,-0.72,-0.49,-59.98,-26.69,29.08
0.08,-0.74,-0.61,-36.66,-47.72,15.71
-0.14,-0.76,-0.75,-16.42,-51.46,-9.49
-0.4,-0.77,-0.8,0.47,-24.39,-28.49
-0.47,-0.76,-0.75,14.31,29.38,-36.38
-0.21,-0.74,-0.64,23.1,48.66,-45.01
0.09,-0.77,-0.53,26.59,34.98,-47.66
0.32,-0.82,-0.5,20.31,20.48,-31.58
0.54,-0.81,-0.5,16.24,15.15,-14.36
0.66,-0.74,-0.38,3.97,10.54,1.95
0.7,-0.74,-0.26,-13.34,12.88,20.31
0.72,-0.77,-0.22,-34.84,10.38,29.87
0.61,-0.8,-0.25,-51.76,8.82,38.18
0.41,-0.78,-0.32,-63.01,5.58,39.21
0.29,-0.76,-0.39,-64.0,-7.16,37.61
0.21,-0.74,-0.52,-54.64,-37.93,27.31
0.05,-0.75,-0.67,-35.73,-57.44,12.04
-0.23,-0.78,-0.77,-13.35,-54.5,-16.54
-0.49,-0.79,-0.82,8.17,-12.36,-35.28
-0.46,-0.76,-0.76,26.79,38.24,-50.01
-0.21,-0.77,-0.59,35.88,40.11,-64.0
0.09,-0.86,-0.51,33.97,23.6,-58.43
0.42,-0.89,-0.56,27.89,24.98,-32.36
0.69,-0.78,-0.5,29.96,7.74,-28.84
0.69,-0.78,-0.28,11.45,4.14,-13.78
0.68,-0.81,-0.24,-9.48,11.64,3.86
0.71,-0.78,-0.24,-31.54,22.29,20.64
0.68,-0.75,-0.24,-43.64,21.31,28.59
0.55,-0.78,-0.29,-58.67,15.77,32.56
0.37,-0.8,-0.36,-64.0,13.3,36.28
0.29,-0.77,-0.44,-64.0,-13.0,30.94
0.17,-0.75,-0.56,-46.12,-49.05,17.54
-0.04,-0.77,-0.73,-19.28,-63.1,-5.22
-0.34,-0.8,-0.81,-1.53,-42.08,-30.91
-0.49,-0.79,-0.75,12.15,11.79,-50.57
-0.33,-0.73,-0.65,29.76,40.94,-62.37
-0.02,-0.74,-0.55,37.95,33.87,-64.0
0.27,-0.83,-0.51,27.31,27.28,-49.17
0.63,-0.83,-0.47,23.75,23.05,-29.33
0.8,-0.73,-0.33,16.51,-8.62,-19.02
0.8,-0.74,-0.21,-5.32,8.82,13.25
0.89,-0.74,-0.2,-25.1,12.15,30.17
0.81,-0.72,-0.17,-46.01,21.68,40.96
0.59,-0.76,-0.2,-64.0,22.72,46.61
0.39,-0.76,-0.29,-64.0,12.04,47.85
0.3,-0.73,-0.39,-64.0,-25.2,40.66
0.21,-0.77,-0.61,-50.95,-59.25,31.29
-0.08,-0.78,-0.8,-26.88,-64.0,-8.7
-0.55,-0.78,-0.8,2.66,-50.63,-36.78
-0.61,-0.81,-0.79,18.63,28.93,-48.46
-0.28,-0.79,-0.67,32.64,46.66,-64.0
-0.01,-0.81,-0.52,39.32,32.37,-64.0
0.32,-0.85,-0.49,32.63,22.46,-50.27
0.64,-0.82,-0.46,32.42,5.84,-33.68
0.8,-0.75,-0.34,18.05,-6.29,-19.39
0.81,-0.73,-0.2,0.36,-8.59,0.2
0.82,-0.73,-0.16,-21.79,5.07,21.9
0.8,-0.72,-0.19,-42.16,13.46,32.91
0.61,-0.75,-0.24,-61.35,15.18,36.16
0.39,-0.76,-0.32,-64.0,16.21,40.36
0.33,-0.72,-0.41,-64.0,0.19,42.7
0.28,-0.72,-0.51,-53.4,-35.61,33.19
0.13,-0.76,-0.67,-25.83,-59.61,13.74
-0.19,-0.84,-0.75,-12.08,-64.0,-21.5
-0.5,-0.85,-0.76,0.43,-26.01,-40.95
-0.44,-0.76,-0.71,19.61,23.73,-54.52
-0.13,-0.71,-0.57,27.85,31.91,-64.0
0.18,-0.8,-0.45,25.13,18.92,-64.0
0.53,-0.87,-0.45,17.35,14.31,-36.49
0.89,-0.78,-0.45,11.15,7.05,-8.87
0.99,-0.68,-0.31,-2.8,1.51,11.2
0.92,-0.7,-0.21,-23.16,11.88,32.41
0.82,-0.76,-0.21,-45.79,17.99,44.31
0.6,-0.78,-0.22,-64.0,14.05,44.14
0.32,-0.74,-0.28,-64.0,-1.84,43.05
0.24,-0.67,-0.43,-64.0,-32.41,44.04
0.21,-0.64,-0.68,-32.42,-55.36,32.22
0.02,-0.71,-0.78,-11.29,-64.0,2.65
-0.41,-0.86,-0.72,-0.63,-47.76,-24.05
-0.53,-0.89,-0.69,7.16,28.08,-29.37
-0.18,-0.79,-0.55,19.45,57.13,-48.43
0.09,-0.79,-0.47,24.01,30.5,-63.76
0.27,-0.9,-0.46,14.11,5.6,-52.73
0.5,-0.93,-0.52,11.04,5.46,-24.38
0.79,-0.8,-0.51,11.29,8.49,-1.37
0.95,-0.69,-0.29,-1.65,5.35,14.44
0.93,-0.72,-0.18,-23.08,8.91,27.51
0.76,-0.76,-0.27,-44.27,23.15,38.07
0.48,-0.74,-0.34,-64.0,35.1,41.83
0.31,-0.69,-0.35,-64.0,31.01,44.29
0.32,-0.69,-0.41,-64.0,-2.02,40.04
0.32,-0.74,-0.57,-51.63,-31.36,34.63
0.13,-0.74,-0.71,-38.07,-45.14,12.23
-0.23,-0.73,-0.72,-14.26,-44.78,-10.86
-0.37,-0.8,-0.73,5.26,-14.63,-24.21
-0.25,-0.84,-0.72,17.29,19.47,-35.95
-0.08,-0.8,-0.59,22.1,36.65,-42.23
0.19,-0.8,-0.45,19.95,31.01,-42.94
0.44,-0.83,-0.4,12.86,9.73,-29.12
0.64,-0.79,-0.41,7.51,2.21,-8.59
0.74,-0.71,-0.37,-2.33,-1.83,9.19
0.76,-0.69,-0.28,-18.56,12.6,28.16
0.74,-0.74,-0.22,-35.53,13.94,35.29
0.59,-0.78,-0.25,-53.37,15.83,41.1
0.41,-0.76,-0.33,-63.95,15.55,47.73
0.4,-0.73,-0.39,-64.0,6.72,50.97
0.38,-0.73,-0.5,-51.44,-19.51,46.18
0.22,-0.76,-0.68,-37.2,-34.99,33.55
-0.14,-0.79,-0.72,-24.9,-46.03,-1.58
-0.48,-0.8,-0.78,-0.04,-23.82,-29.03
-0.49,-0.8,-0.82,18.59,21.64,-41.47
-0.24,-0.78,-0.68,29.88,41.84,-57.25
0.05,-0.81,-0.53,31.57,35.19,-62.53
0.32,-0.88,-0.47,25.5,24.26,-47.08
0.65,-0.85,-0.45,18.44,16.86,-25.0
0.83,-0.75,-0.36,4.34,9.57,-1.84
0.88,-0.71,-0.24,-10.03,14.35,20.57
0.89,-0.73,-0.14,-35.0,20.23,33.92
0.76,-0.78,-0.15,-57.33,17.61,40.69
0.52,-0.78,-0.24,-64.0,20.12,45.38
0.35,-0.72,-0.31,-64.0,8.05,47.22
0.28,-0.68,-0.45,-64.0,-26.64,39.93
0.17,-0.71,-0.65,-43.64,-51.89,28.83
-0.15,-0.76,-0.74,-25.53,-64.0,-9.21
-0.51,-0.78,-0.76,1.47,-45.61,-34.22
-0.5,-0.79,-0.77,19.47,16.16,-43.81
-0.2,-0.77,-0.65,29.08,31.79,-56.62
0.1,-0.79,-0.5,31.11,31.37,-55.02
0.39,-0.84,-0.45,24.39,17.2,-42.02
0.66,-0.82,-0.43,13.87,3.04,-22.15
0.79,-0.74,-0.35,6.4,-8.43,-2.43
0.82,-0.71,-0.26,-13.06,-6.37,17.07
0.82,-0.73,-0.22,-32.2,-0.63,30.74
0.7,-0.74,-0.23,-50.14,-1.76,35.59
0.51,-0.76,-0.29,-64.0,1.44,41.25
0.36,-0.75,-0.37,-64.0,-4.43,43.32
0.27,-0.7,-0.47,-64.0,-25.84,35.29
0.19,-0.69,-0.63,-44.08,-48.06,25.32
0.01,-0.74,-0.8,-21.86,-55.42,3.97
-0.32,-0.77,-0.85,4.84,-44.87,-27.65
-0.5,-0.78,-0.82,26.3,17.54,-35.69
-0.26,-0.79,-0.68,35.03,53.26,-48.64
0.09,-0.81,-0.51,35.44,47.31,-51.45
0.38,-0.86,-0.41,21.38,32.87,-32.79
0.71,-0.86,-0.36,8.56,18.36,-9.13
0.91,-0.76,-0.31,-4.24,-0.21,11.55
0.9,-0.71,-0.2,-24.27,-2.36,30.13
0.78,-0.76,-0.17,-46.5,-3.71,37.1
0.57,-0.79,-0.24,-64.0,-0.77,42.23
0.37,-0.73,-0.33,-64.0,7.18,48.75
0.31,-0.66,-0.43,-64.0,-17.14,43.96
0.24,-0.66,-0.6,-53.25,-39.6,40.28
0.09,-0.71,-0.76,-36.92,-44.25,20.03
-0.23,-0.75,-0.74,-22.73,-45.51,-9.88
-0.45,-0.74,-0.8,4.33,-9.5,-26.39
-0.34,-0.72,-0.81,19.73,33.64,-34.35
-0.09,-0.75,-0.64,22.14,40.29,-41.74
0.13,-0.8,-0.54,29.11,21.22,-44.07
0.33,-0.8,-0.52,27.1,11.36,-33.2
0.54,-0.8,-0.5,17.69,16.57,-15.57
0.7,-0.78,-0.35,-1.16,10.18,1.14
0.77,-0.79,-0.21,-19.43,14.31,22.51
0.81,-0.79,-0.21,-35.51,9.93,32.3
0.66,-0.8,-0.26,-53.39,6.3,38.96
0.41,-0.83,-0.33,-63.03,7.72,41.73
0.3,-0.79,-0.41,-61.75,4.94,39.03
0.24,-0.77,-0.51,-51.79,-15.93,31.35
0.12,-0.77,-0.62,-35.66,-37.95,15.08
-0.09,-0.8,-0.7,-19.41,-47.47,-4.17
-0.3,-0.8,-0.81,3.25,-31.11,-27.94
-0.35,-0.75,-0.76,16.73,16.18,-38.4
-0.15,-0.72,-0.62,22.84,38.05,-46.76
0.16,-0.76,-0.5,22.92,30.48,-44.95
0.42,-0.81,-0.48,14.45,18.03,-25.02
0.64,-0.78,-0.46,4.08,15.4,-1.04
0.77,-0.71,-0.33,-8.71,14.9,19.58
0.8,-0.71,-0.22,-26.27,9.89,30.68
0.7,-0.77,-0.25,-46.21,3.99,39.08
0.48,-0.78,-0.32,-64.0,2.08,43.82
0.33,-0.73,-0.38,-64.0,-1.13,46.29
0.28,-0.71,-0.46,-58.14,-13.42,42.51
0.19,-0.74,-0.63,-46.19,-25.33,34.75
0.01,-0.78,-0.68,-41.84,-31.43,13.88
-0.27,-0.77,-0.67,-22.74,-36.46,-12.72
-0.37,-0.76,-0.76,3.15,-10.27,-21.22
-0.24,-0.78,-0.79,13.52,15.9,-34.25
-0.07,-0.77,-0.63,21.04,30.64,-43.32
0.1,-0.78,-0.52,21.61,26.45,-44.94
0.33,-0.82,-0.48,16.43,8.78,-40.16
0.47,-0.83,-0.46,6.1,5.88,-19.31
0.66,-0.76,-0.41,-3.26,7.8,2.53
0.75,-0.7,-0.3,-17.92,6.72,17.8
0.76,-0.74,-0.24,-36.59,8.58,30.9
0.66,-0.78,-0.28,-57.96,4.66,39.21
0.45,-0.76,-0.36,-64.0,2.06,45.28
0.32,-0.7,-0.43,-64.0,-12.95,42.71
0.24,-0.69,-0.59,-47.54,-40.22,37.64
0.06,-0.73,-0.76,-31.62,-54.37,19.88
-0.28,-0.73,-0.77,-12.33,-49.54,-8.61
-0.5,-0.74,-0.77,7.83,-13.57,-26.81
-0.38,-0.77,-0.75,18.32,28.73,-39.67
-0.13,-0.76,-0.61,24.67,41.19,-48.32
0.15,-0.79,-0.48,22.76,30.5,-49.21
0.39,-0.87,-0.44,12.21,14.29,-29.81
0.68,-0.87,-0.48,2.48,21.36,2.11
0.86,-0.75,-0.39,-7.84,17.44,18.44
0.85,-0.73,-0.21,-27.31,16.01,31.72
0.74,-0.82,-0.24,-50.83,9.24,41.09
0.51,-0.81,-0.34,-64.0,4.26,47.78
0.29,-0.71,-0.42,-64.0,-12.37,41.91
0.13,-0.65,-0.57,-51.69,-36.27,31.54
0.0,-0.68,-0.75,-30.18,-46.72,15.51
-0.26,-0.7,-0.78,-13.17,-51.79,-15.87
-0.5,-0.74,-0.78,5.85,-0.13,-24.67
-0.38,-0.74,-0.74,17.48,33.79,-39.57
-0.1,-0.7,-0.61,28.59,41.9,-47.26
0.14,-0.74,-0.52,28.57,22.32,-49.98
0.34,-0.85,-0.5,18.92,3.56,-37.46
0.53,-0.84,-0.55,14.97,9.69,-16.82
0.66,-0.75,-0.44,8.71,1.74,-10.02
0.69,-0.78,-0.28,-8.98,18.21,13.67
0.76,-0.83,-0.29,-32.3,22.27,28.54
0.7,-0.81,-0.31,-47.7,23.42,38.34
0.49,-0.78,-0.34,-58.64,18.42,39.63
0.32,-0.76,-0.42,-63.79,4.53,37.96
0.19,-0.72,-0.53,-54.44,-23.69,28.95
0.03,-0.69,-0.7,-29.06,-52.57,13.08
-0.17,-0.69,-0.87,-3.77,-58.94,-14.73
-0.48,-0.72,-0.85,13.67,-16.73,-37.04
-0.51,-0.71,-0.72,27.82,43.49,-53.2
-0.2,-0.7,-0.56,35.13,52.12,-64.0
0.13,-0.78,-0.48,31.55,30.19,-59.65
0.48,-0.87,-0.49,22.43,29.24,-29.1
0.8,-0.79,-0.48,18.98,13.56,-12.32
0.85,-0.72,-0.31,6.29,6.82,1.12
0.79,-0.81,-0.19,-16.62,14.16,21.27
0.79,-0.84,-0.23,-43.32,28.29,40.65
0.73,-0.8,-0.26,-62.33,26.0,47.7
0.53,-0.74,-0.26,-64.0,22.51,52.54
0.38,-0.72,-0.37,-64.0,-9.45,48.23
0.19,-0.71,-0.54,-54.5,-46.7,34.82
